index,Disaster,Disaster Type,Beginning Date,Ending Date,Total CPI-Adjusted Cost (Millions of Dollars),Deaths,Description,Event ID
0,Western Wildfires (Summer-Fall 2018),Wildfire,6/1/2018,9/30/2018,2200.0,15,"California has again been impacted by a damaging and costly wildfire season. Of note, the Medincino Complex Fire was the largest wildfire on record in California burning over 450,000 acres while the Carr Fire in Northern California damaged or destroyed over 1,500 homes and businesses. Several other Western states (OR, WA, UT, WY, ID, MT, CO) have also had active and damaging wildfire seasons. In total, over 7.7 million acres has burned across the U.S. during the first 9 months of 2018, which is well above the 10-year average (2008-2017) of 5.9 million acres for the January-September period.",10001
1,Southwest/Southern Plains Drought (Summer-Fall 2018),Drought,6/1/2018,9/30/2018,2800.0,0,"Drought conditions were present across numerous Southwestern and Plains states (TX, OK, KS, MO, CO, NM, AZ, UT). The most extreme drought conditions continue to persist across the Four Corners region of the Southwest. The agriculture sector has been impacted across the affected states including damage to field crops from lack of rainfall. Ranchers have also be forced to sell-off livestock early in some regions due to high feeding costs.",10002
2,Hurricane Florence (September 2018),Tropical Cyclone,9/13/2018,9/16/2018,22500.0,51,"Hurricane Florence was a large and very slow moving hurricane that produced extreme rainfall across eastern North Carolina (up to 35.93"") and South Carolina (up to 23.81""), as prodigious amounts of rainfall were common in many locations. Florence made landfall as a category 1, at Wrightsville Beach, NC with damaging storm surge up to 10 feet and wind gusts reported over 100 mph. However, the majority of the damage caused by Florence was due to the rainfall inland, which caused many rivers to surpass previous record flood heights. The total damage from Florence in North Carolina is expected to exceed that experienced during Hurricanes Matthew (2016) and Floyd (1999).",10003
3,Colorado Hail Storm (June 2018),Severe Storm,6/18/2018,6/19/2018,2100.0,0,"Severe hail storms cause golf ball to baseball-sized hail and widespread damage in many areas from northern Denver to Boulder and Fort Collins. Many homes, businesses and vehicles were impacted..",10004
4,Texas Hail Storm (June 2018),Severe Storm,6/6/2018,6/6/2018,1000.0,0,"Large-hail impacts highly-populated area of the Dallas-Ft. Worth metroplex. Golfball to baseball-sized hail damages many homes, vehicles and businesses.",10005
5,Central and Eastern Severe Weather (May 2018),Severe Storm,5/13/2018,5/15/2018,1383.9,5,"Severe storm damage across many Central states including TX, KS, CO, OK, MO, IL, IN, IA and OH. This was followed by a derecho event across the Northeastern states of MD, NJ, NY, PA, VA, WV, MA and CT that caused widespread high wind damage. Also, there were one dozen tornadoes reported across PA, NY and CT causing further damage.",10006
6,Central and Northeastern Severe Weather (May 2018),Severe Storm,5/1/2018,5/4/2018,1018.4,0,"Numerous central states (KS, NE, OK, TX, NM, MO, IA, IL, IN, OH, WI) were impacted by large hail and tornadoes. Several northeastern states including NY, PA and VT were also impacted by high wind damage from severe storms.",10007
7,Southern and Eastern Tornadoes and Severe Weather (April 2018),Severe Storm,4/13/2018,4/16/2018,1331.4,3,"Tornadoes and severe storms with large hail cause widespread damage across many Southern and Eastern states (AR, FL, GA, LA, MD, MI, MS, MO, NJ, NY, NC, PA, SC, TX, VA) over a multi-day period. There were over 70 confirmed tornadoes largely clustered in Louisiana, Mississippi, North Carolina and Virginia. This same system also caused winter storm impacts of high wind and ice accumulation in northeastern states.",10008
8,Southeastern Tornadoes and Severe Weather (March 2018),Severe Storm,3/18/2018,3/21/2018,1378.8,0,"A potent severe storm system caused over 20 tornadoes across Alabama and also widespread hail damage from Texas to Florida. Most notably this system produced an EF-3 tornado that caused extensive damage in Jacksonville, Alabama and across the campus of Jacksonville State University.",10009
9,Northeast Winter Storm (March 2018),Winter Storm,3/1/2018,3/3/2018,2216.0,9,"Powerful Nor'easter impacted many Northeastern states including MD, MA, NH, NJ, NY, PA, CT, DE, RA and VA. Widespread damage resulted from the combination of high winds, heavy snow and heavy coastal erosion.",10010
10,Central and Eastern Winter Storm (January 2018),Winter Storm,1/3/2018,1/5/2018,1063.8,22,"A Nor'easter caused damage across many Northeastern states including MA, NJ, NY, CT, ME, NH, PA, MD, RI, SC, TN, VA, NC and GA.",10011
11,"Western Wildfires, California Firestorm (Summer-Fall 2017)",Wildfire,6/1/2017,12/31/2017,18365.1,54,"A historic firestorm damages or destroys over 15,000 homes, businesses and other structures across California in October. The combined destruction of the Tubbs, Atlas, Nuns and Redwood Valley wildfires represent the most costly wildfire event on record, also causing 44 deaths. Extreme wildfire conditions in early December also burned hundreds of homes in Los Angeles. Numerous other wildfires across many western and northwestern states burn over 9.8 million acres exceeding the 10-year annual average of 6.5 million acres. Montana in particular was affected by wildfires that burned in excess of 1 million acres. These wildfire conditions were enhanced by the preceding drought conditions in several states.",10012
12,"North Dakota, South Dakota and Montana Drought (Spring-Fall 2017)",Drought,3/1/2017,12/31/2017,2550.0,0,"Extreme drought causes extensive impacts to agriculture in North Dakota, South Dakota and Montana. Field crops including wheat were severely damaged and the lack of feed for cattle forced ranchers to sell off livestock. This drought has also contributed to the increased potential for severe wildfires.",10013
13,Hurricane Maria (September 2017),Tropical Cyclone,9/19/2017,9/21/2017,91800.0,2981,"Category 4 hurricane made landfall in southeast Puerto Rico after striking the U.S. Virgin Island of St. Croix. Maria's high winds caused widespread devastation to Puerto Rico's transportation, agriculture, communication and energy infrastructure. Extreme rainfall up to 37 inches caused widespread flooding and mudslides across the island. The interruption to commerce and standard living conditions will be sustained for a long period, as much of Puerto Rico's infrastructure is rebuilt. Maria tied Hurricane Wilma (2005) for the most rapid intensification, strengthening from tropical depression to a category 5 storm in 54 hours. Maria's landfall at Category 4 strength gives the U.S. a record three Category 4+ landfalls this year (Maria, Harvey, and Irma). Maria was one of the deadliest storms to impact the U.S., with numerous indirect deaths in the wake of the storm's devastation.",10014
14,Hurricane Irma (September 2017),Tropical Cyclone,9/6/2017,9/12/2017,50974.5,97,"Category 4 hurricane made landfall at Cudjoe Key, Florida after devastating the U.S. Virgin Islands - St John and St Thomas - as a category 5 storm. The Florida Keys were heavily impacted, as 25% of buildings were destroyed while 65% were significantly damaged. Severe wind and storm surge damage also occurred along the coasts of Florida and South Carolina. Jacksonville, FL and Charleston, SC received near-historic levels of storm surge causing significant coastal flooding. Irma maintained a maximum sustained wind of 185 mph for 37 hours, the longest in the satellite era. Irma also was a category 5 storm for longer than all other Atlantic hurricanes except Ivan in 2004.",10015
15,Hurricane Harvey (August 2017),Tropical Cyclone,8/25/2017,8/31/2017,127500.0,89,"Category 4 hurricane made landfall near Rockport, Texas causing widespread damage. Harvey's devastation was most pronounced due to the large region of extreme rainfall producing historic flooding across Houston and surrounding areas. More than 30 inches of rainfall fell on 6.9 million people, while 1.25 million experienced over 45 inches and 11,000 had over 50 inches, based on 7-day rainfall totals ending August 31. This historic U.S. rainfall caused massive flooding that displaced over 30,000 people and damaged or destroyed over 200,000 homes and businesses.",10016
16,Midwest Severe Weather (June 2017),Severe Storm,6/27/2017,6/29/2017,1453.5,0,"Severe hail and high wind damage impacting Nebraska, Illinois and Iowa. More than one dozen tornadoes touched down across parts of Iowa, in addition to other storm damage.",10017
17,Midwest Severe Weather (June 2017),Severe Storm,6/12/2017,6/16/2017,1569.3,0,"Severe hail, high winds and numerous tornadoes impact many states over several days including WY, TX, NE, KS, MO, IA, IL, PA, VA, NY.",10018
18,Minnesota Hail Storm and Upper Midwest Severe Weather (June 2017),Severe Storm,6/9/2017,6/11/2017,2444.0,0,"Severe hail and high winds cause considerable damage across Minnesota and Wisconsin. The Minneapolis metro area in particular was damaged from large, destructive hail impacting many buildings and vehicles. This damage is comparable to the May 15, 1998 Minnesota hail storm that was also very costly.",10019
19,Colorado Hail Storm and Central Severe Weather (May 2017),Severe Storm,5/8/2017,5/11/2017,3484.0,0,"Hail storm and wind damage impacting several states including CO, OK, TX, NM, MO. The most costly impacts were in the Denver metro region where baseball-sized hail caused the most expensive hail storm in Colorado history, with insured losses exceeding 2.2 (2.3) billion.",10020
20,Missouri and Arkansas Flooding and Central Severe Weather (May 2017),Flooding,4/25/2017,5/7/2017,1725.4,20,"A period of heavy rainfall up to 15 inches over a multi-state region in the Midwest caused historic levels of flooding along many rivers. The flooding was most severe in Missouri, Arkansas and southern Illinois where levees were breached and towns were flooded. There was widespread damage to homes, businesses, infrastructure and agriculture. Severe storms also caused additional impacts during the flooding event across a number of central and southern states.",10021
21,South/Southeast Severe Weather (March 2017),Severe Storm,3/26/2017,3/28/2017,2802.8,0,"Large hail and high winds in Texas north of the Dallas metro region caused widespread damage to structures and vehicles. Severe storms also caused damage across several other states (OK, TN, KY, MS, AL) due to the combination of high winds, hail and tornadoes.",10022
22,Southeast Freeze (March 2017),Freeze,3/14/2017,3/16/2017,1040.0,0,"Severe freeze heavily damaged fruit crops across several southeastern states (SC, GA, NC, TN, AL, MS, FL, KY, VA). Mid-March freezes are not climatologically unusual in the Southeast, however many crops were blooming 3+ weeks early due to unusually warm temperatures during the preceding weeks. Damage was most severe in Georgia and South Carolina. Crops most impacted include peaches, blueberries, strawberries and apples, among others.",10023
23,Midwest Tornado Outbreak (March 2017),Severe Storm,3/6/2017,3/8/2017,2263.0,2,"Tornado outbreak and wind damage across many Midwestern states (AR, IA, IL, KS, MI, MN, MO, NE, NY, OH, WI). Missouri and Illinois were impacted by numerous tornadoes while Michigan and New York were affected by destructive, straight-line winds following the storm system. Nearly one million customers lost power in Michigan alone due to sustained high winds, which affected several states from Illinois to New York.",10024
24,Central/Southeast Tornado Outbreak (March 2017),Severe Storm,2/28/2017,3/1/2017,1878.1,6,Over 70 tornadoes developed during a widespread outbreak across many central and southern states causing significant damage. There was also widespread straight-line wind and hail damage. This was the second largest tornado outbreak to occur early in 2017.,10025
25,California Flooding (February 2017),Flooding,2/8/2017,2/22/2017,1560.0,5,"Heavy, persistent rainfall across northern and central California created substantial property and infrastructure damage from flooding, landslides and erosion. Notable impacts include severe damage to the Oroville Dam spillway, which caused a multi-day evacuation of 188,000 residents downstream. Excessive rainfall also caused flood damage in the city of San Jose, as Coyote Creek overflowed its banks and inundated neighborhoods forcing 14,000 residents to evacuate.",10026
26,Southern Tornado Outbreak and Western Storms (January 2017),Severe Storm,1/20/2017,1/22/2017,1149.2,24,"High wind damage occurred across southern California near San Diego followed by 79 confirmed tornadoes during an outbreak across many southern states including AL, FL, GA, LA, MS, SC and TX. This was the 3rd most tornadoes to occur in a single outbreak during a winter month (Dec.-Feb.) for records going back to 1950.",10027
27,Western/Southeast Wildfires (Summer-Fall 2016),Wildfire,6/1/2016,12/31/2016,2538.7,21,"Western and Southern states experienced an active wildfire season with over 5.0 million acres burned nationally. Most notable was the firestorm that impacted Gatlinburg, Tennessee with hurricane-force wind gusts in extremely dry conditions creating volatile wildfire behavior. These wildfires destroyed nearly 2,500 structures and caused 14 fatalities. The drought conditions in many areas of the Southeast and California worsened the wildfire potential.",10028
28,West/Northeast/Southeast Drought (2016),Drought,1/1/2016,12/31/2016,3660.2,0,"California's 5-year drought persisted during 2016 while new areas of extreme drought developed in states across the Northeast and Southeast. The long-term impacts of the drought in California have damaged forests where 100+ million trees have perished and are a public safety hazard. The agricultural impacts were reduced in California as water prices and crop fallowing declined. However, agricultural impacts developed in Northeast and Southeast due to stressed water supplies.",10029
29,Hurricane Matthew (October 2016),Tropical Cyclone,10/8/2016,10/12/2016,10600.0,49,"Hurricane Matthew paralleled the Southeast coast from Florida to North Carolina causing widespread damage from wind, storm surge and inland flooding. The most costly impacts were due to historic levels of river flooding in eastern North Carolina where 100,000 homes, businesses and other structures were damaged. This inland flooding was comparable to Hurricane Floyd (1999) that also impacted eastern North Carolina. Matthew narrowly missed landall on Florida's east coast as a powerful category 4 storm.",10030
30,Louisiana Flooding (August 2016),Flooding,8/12/2016,8/15/2016,10600.0,13,"A historic flood devastated a large area of southern Louisiana resulting from 20 to 30 inches of rainfall over several days. Watson, Louisiana received an astounding 31.39 inches of rain from the storm. Two-day rainfall totals in the hardest hit areas have a 0.2% chance of occurring in any given year: a 1 in 500 year event. More than 30,000 people were rescued from the floodwaters that damaged or destroyed over 50,000 homes, 100,000 vehicles and 20,000 businesses. This is the most damaging U.S. flood event since Superstorm Sandy impacted the Northeast in 2012.",10031
31,Rockies and Northeast Severe Weather (July 2016),Severe Storm,7/28/2016,7/30/2016,1553.6,0,"Severe storms across the Rockies and Northeastern states (CO, WY, VA, MD, PA, NJ, NY) caused large hail and high wind damage. Storm damage in Colorado was the most costly due to hail.",10032
32,West Virginia Flooding and Ohio Valley Tornadoes (June 2016),Flooding,6/22/2016,6/24/2016,1027.1,23,"Torrential rainfall caused destructive flooding through many West Virginia towns, damaging thousands of homes and businesses and causing considerable loss of life. Over 1,500 roads and bridges were damaged or destroyed making the impact on infrastructure comparable to the historic 2013 Colorado flood. The storm system also produced numerous tornadoes causing damage across several Ohio Valley states.",10033
33,Rockies/Central Tornadoes and Severe Weather (May 2016),Severe Storm,5/21/2016,5/26/2016,1215.0,0,"Sustained period of severe thunderstorms and tornadoes affecting several states including Montana, Colorado, Kansas, Missouri and Texas. The most concentrated days for tornado development were on May 22 and 24. Additional damage was created by straight-line high wind and hail damage.",10034
34,Plains Tornadoes and Central Severe Weather (May 2016),Severe Storm,5/8/2016,5/11/2016,1823.0,2,"Tornadoes and severe storms cause widespread damage across the Plains and Central states (NE, MO, TX, OK, KS, CO, IL, KY, TN) over a multi-day period. The damage from tornadoes and high wind was most costly in Nebraska and Missouri.",10035
35,South/Southeast Tornadoes (April 2016),Severe Storm,4/26/2016,5/2/2016,2538.1,6,Large outbreak of tornadoes affects numerous states across the South and Southeast. Additional damage also from large hail and straight-line wind during the multi-day thunderstorm event.,10036
36,Houston Flooding (April 2016),Flooding,4/17/2016,4/18/2016,2836.6,8,"A period of extreme rainfall up to 17 inches created widespread urban flooding in Houston and surrounding suburbs. Thousands of homes and businesses were damaged and more than 1,800 high water rescues were conducted. This represents the most widespread flooding event to affect Houston since Tropical Storm Allison in 2001.",10037
37,North/Central Texas Hail Storm (April 2016),Severe Storm,4/10/2016,4/12/2016,3708.5,0,"Widespread severe hail damage across north and central Texas including the cities of Plano, Wylie, Frisco, Allen and San Antonio. The damage in San Antonio was particularly severe as the National Weather Service verified reports of hail size reaching 4.5 inches in diameter. This ranks as one of the most costly hail events to affect the United States.",10038
38,North Texas Hail Storm (March 2016),Severe Storm,3/23/2016,3/24/2016,2188.7,0,"Large hail and strong winds caused considerable damage in heavily populated areas of north Texas. This damage was most notable in the cities of Dallas, Fort Worth and Plano.",10039
39,Southern Severe Weather (March 2016),Severe Storm,3/17/2016,3/18/2016,1282.9,1,"Severe hail impacts the Fort Worth and Arlington metro region in Texas. Additional large hail and high wind damage occurred in other locations of Texas, Louisiana and Mississippi.",10040
40,Texas and Louisiana Flooding (March 2016),Flooding,3/8/2016,3/12/2016,2432.5,5,"Multiple days of heavy rainfall averaging 15 to 20 inches led to widespread flooding along the Sabine River basin on the Texas and Louisiana border. This prompted numerous evacuations, high-water rescues and destruction, as more than 1,000 homes and businesses were damaged or destroyed.",10041
41,Southeast and Eastern Tornadoes (February 2016),Severe Storm,2/22/2016,2/24/2016,1102.3,10,"Early outbreak of tornadoes and severe weather across many southern and eastern states including (AL, CT, FL, GA, LA, MA, MD, MS, NC, NJ, NY, PA, SC, TX, VA). There were at least 50 confirmed tornadoes causing widespread damage.",10042
42,Western Drought (2015),Drought,1/1/2015,12/31/2015,4823.3,0,"Drought conditions were present across numerous western states (CA, NV, OR, WA, ID, MT, UT, AZ) with the most severe conditions continuing to plague California for all of 2015. The agriculture sector was again impacted by a lack of rainfall resulting in hundreds of thousands of acres of farmland remaining fallow and requiring excess groundwater pumping to irrigate existing agriculture interests. Wildfire conditions were further enhanced by the ongoing drought. California experienced extensive damage from both drought and wildfire impacts. Drought conditions did improve dramatically across Texas and Oklahoma, in the form of several major flood events.",10043
43,Texas Tornadoes and Midwest Flooding (December 2015),Severe Storm,12/26/2015,12/29/2015,2118.8,50,"A powerful storm system packing unseasonably strong tornadoes caused widespread destruction in the Dallas metropolitan region, damaging well over 1,000 homes and businesses. This same potent system also produced intense rainfall over several Midwestern states triggering historic flooding that has approached or broken records at river gauges in several states (MO, IL, AR, TN, MS, LA). The flooding has overtopped levees and caused damage in numerous areas. This historic storm also produced high wind, snow and ice impacts from New Mexico through the Midwest and into New England. Overall, the storm caused at least 50 deaths from the combined impact of tornadoes, flooding and winter weather.",10044
44,Western and Alaskan Wildfires (Summer-Fall 2015),Wildfire,6/1/2015,11/30/2015,3248.7,12,"Wildfires burned over 10.1 million acres across the U.S. in 2015, surpassing 2006 for the highest annual total of U.S. acreage burned since record-keeping began in 1960. The most costly wildfires occurred in California where over 2,500 structures were destroyed due to the Valley and Butte wildfires with the insured losses alone exceeding 1.0 (1.1) billion. The most extensive wildfires occurred in Alaska where over 5 million acres burned within the state. There was extensive burnt acreage across other western states, most notably (OR, WA, ID, MT, ND, CO, WY, TX).",10045
45,South Carolina and East Coast Flooding (October 2015),Flooding,10/1/2015,10/5/2015,2158.1,25,"Historic levels of flooding impacted South Carolina causing widespread damage to many homes, businesses, public buildings and infrastructure. This interrupted commerce and closed major transportation corridors (such as I-95) for weeks as rivers slowly receded. Locally extreme rainfall totals exceeding 20-inches were common resulting from the convergence of a powerful low pressure system / frontal boundary and copious moisture from Hurricane Joaquin in the Atlantic.",10046
46,Central and Northeast Severe Weather (June 2015),Severe Storm,6/21/2015,6/25/2015,1265.7,1,"Severe storms across numerous Central and Northeast states (CO, CT, IA, IL, MD, MI, NJ, NY, PA, SD, VA, WI) with widespread hail and high wind damage.",10047
47,Texas and Oklahoma Flooding and Severe Weather (May 2015),Flooding,5/23/2015,5/26/2015,2700.6,31,"A slow-moving system caused tremendous rainfall and subsequent flooding to occur in Texas and Oklahoma. The Blanco river in Texas swelled from 5 feet to a crest of more than 40 feet over several hours causing considerable property damage and loss of life. The city of Houston also experienced flooding which resulted in hundreds of high-water rescues. The damage in Texas alone exceeded 1.0 (1.1) billion. There was also damage in other states (KS, CO, AR, OH, LA, GA, SC) from associated severe storms.",10048
48,Southern Plains Tornadoes (May 2015),Severe Storm,5/6/2015,5/10/2015,1373.9,4,"Tornado outbreak across the Southern Plain states (IA, KS, NE, OK, CO, SD, TX) with 122 tornadoes. The most costly damage occurred across Texas and Oklahoma.",10049
49,South/Southeast Severe Weather (April 2015),Severe Storm,4/18/2015,4/20/2015,1386.4,0,"Severe storms across the South and Southeastern states (AL, AR, FL, GA, KS, LA, MS, NC, OK, SC, TN, TX). High winds and severe hail created the most significant damage in Texas.",10050
50,Midwest/Ohio Valley Severe Weather (April 2015),Severe Storm,4/7/2015,4/9/2015,1680.2,2,"Severe storms across the Midwest and Ohio Valley including the states (AR, IA, IL, IN, KS, KY, MI, MO, NC, OH, OK, PA, TN, TX, WI, WV). Large hail and high winds created the most damage across Missouri and Illinois.",10051
51,"Central and Eastern Winter storm, Cold Wave (February 2015)",Winter Storm,2/14/2015,2/20/2015,3199.2,30,"A large winter storm and associated cold wave impacted many central, eastern and northeastern states (CT, DE, GA, IL, KY, MA, MD, ME, MI, NC, NH, NJ, NY, OH, PA, RI, SC, TN, VA). The city of Boston was particularly impacted as feet of snow continued to accumulate causing load-stress on buildings and clogging transportation corridors. Total, direct losses in Massachusetts alone exceed 1.0 (1.1) billion for this event, with considerable damage in many other states.",10052
52,Western Drought (2014),Drought,1/1/2014,12/31/2014,4287.6,0,"Historic drought conditions affected the majority of California for all of 2014 making it the worst drought on record for the state. Surrounding states and parts of Texas, Oklahoma and Kansas also experienced continued severe drought conditions. This is a continuation of drought conditions that have persisted for several years.",10053
53,Rockies/Plains Severe Weather (September 2014),Severe Storm,9/29/2014,10/2/2014,1512.5,0,"Severe storms across the Rockies and Plains states (CO, KS, TX). Large hail and high winds created significant damage across eastern Colorado and Texas, particularly in the Dallas metro area.",10054
54,Michigan and Northeast Flooding (August 2014),Flooding,8/11/2014,8/13/2014,1114.3,2,"Heavy rainfall in excess of 5 inches caused significant flooding in cities across Michigan damaging thousands of cars, business, homes and other infrastructure. Flooding also occurred across Maryland and New York's Long Island, as the slow-moving storm system delivered 24-hour rainfall exceeding 6 and 12 inches, respectively, creating more flood damage. Islip, NY received 13.57 inches of rain over a 24-hour period on Aug 12-13 setting a new 24-hour precipitation record for New York.",10055
55,Rockies/Central Plains Severe Weather (June 2014),Severe Storm,6/3/2014,6/5/2014,2072.8,2,"Severe storms across the Rockies and Central Plains states (NE, KS, WY, IA, AR). Wind gusts exceeding 90 mph and baseball to softball sized hail caused severe damage to structures and vehicles in central and eastern Nebraska.",10056
56,Rockies/Midwest/Eastern Severe Weather (May 2014),Severe Storm,5/18/2014,5/23/2014,4010.2,0,"Severe storms across the Rockies, Midwest and Eastern states (CO, MT, IA, IL, IN, OH, SC, VA, PA, DE, NY) with the most costly damage in Colorado, Illinois and Pennsylvania.",10057
57,Midwest/Southeast/Northeast Tornadoes and Flooding (April 2014),Severe Storm,4/27/2014,5/1/2014,1875.1,33,"Tornado outbreak across the Midwest, Southeast and Northeast states (AL, AR, DE, FL, GA, KS, MD, MO, MS, NC, NJ, NY, PA, TN, VA) with 83 confirmed tornadoes. Mississippi had its 3rd greatest number of tornadoes reported for any day since 1950. Torrential rainfall in the Florida panhandle also caused major flooding, as Pensacola set new 1-day and 2-day precipitation records of 15.55 and 20.47 inches, respectively. Flooding rains were also reported in coastal Alabama, as Mobile received 11.24 inches of rain, the third greatest calendar day rainfall total for the city.",10058
58,Plains Severe Weather (April 2014),Severe Storm,4/2/2014,4/3/2014,1537.9,0,"Severe storms across the Plains states (IL, KS, MO, TX) causing considerable hail and wind damage in Texas.",10059
59,Midwest/Southeast/Northeast Winter Storm (January 2014),Winter Storm,1/5/2014,1/8/2014,2346.5,16,"Winter storm caused widespread damage across numerous Midwest, Southeast and Northeastern states (AL, GA, IL, IN, KY, MD, MI, MO, MS, NC, NJ, NY, OH, PA, SC, TN, VA).",10060
60,Western/Plains Drought/Heatwave (Spring-Fall 2013),Drought,3/1/2013,11/30/2013,11364.1,53,"The 2013 drought slowly dissipated from the historic levels of the 2012 drought, as conditions improved across many Midwestern and Plains states. However, moderate to extreme drought did remain or expand into western states (AZ, CA, CO, IA, ID, IL, KS, MI, MN, MO, ND, NE, NM, NV, OK, OR, SD, TX, UT, WA, WI, WY). In comparison to 2011 and 2012 drought conditions the US experienced only moderate crop losses across the central agriculture states.",10061
61,Ohio Valley Tornadoes (November 2013),Severe Storm,11/17/2013,11/17/2013,1188.9,8,"Late-season outbreak of tornadoes and severe weather over the Ohio Valley (IL, IN, KY, MI, MO, OH) with 70 confirmed tornadoes. Most severe impacts occurred across Illinois and Indiana.",10062
62,Colorado Flooding (September 2013),Flooding,9/10/2013,9/16/2013,1644.3,9,"A stalled frontal boundary over Colorado led to record rainfall, as some areas received > 15 inches over several days. This resulted in historic flooding across numerous cities and towns. Destruction of residences, businesses and transportation infrastructure was widespread.",10063
63,Midwest Severe Weather (August 2013),Severe Storm,8/6/2013,8/7/2013,1135.8,0,Severe weather and large hail causes considerable damage across Minnesota and Wisconsin.,10064
64,Midwest/Plains/Northeast Tornadoes (May 2013),Severe Storm,5/27/2013,5/31/2013,1976.7,10,"Outbreak of tornadoes and severe weather over the Midwest, Plains and Northeast (IL, IN, KS, MO, NY, OK, TX) with 92 confirmed tornadoes including the deadly tornado that struck El Reno, OK. There was also significant damage resulting from hail and straight-line wind.",10065
65,Midwest/Plains/East Tornadoes (May 2013),Severe Storm,5/18/2013,5/22/2013,2616.3,27,"Outbreak of tornadoes and severe weather over the Midwest, Plains and Eastern states (GA, IA, IL, KS, MO, NY, OK, TX) with 59 confirmed tornadoes including the deadly tornado that impacted Moore, OK. Many destructive tornadoes remained on the ground for an extended time.",10066
66,Illinois Flooding and Severe Weather (April 2013),Flooding,4/16/2013,4/19/2013,1174.0,4,A slow-moving storm system created rainfall totals of 5 to 10 inches across northern and central Illinois including the Chicago metro. This resulted in damage to many homes and businesses. There was also severe weather damage from wind and hail across Indiana and Missouri.,10067
67,Midwest/Plains Severe Weather (April 2013),Severe Storm,4/7/2013,4/11/2013,1574.0,1,"Severe weather across the Midwest and Plains states (IN, KS, MO, NE) with a total of 26 confirmed tornadoes. Considerable damage resulting from hail and straight-line wind.",10068
68,Southeast Severe Weather (March 2013),Severe Storm,3/18/2013,3/18/2013,2201.8,1,"Severe weather over the Southeast (MS, AL, GA, TN) with 10 confirmed tornadoes. Considerable damage resulting from large hail and straight-line wind.",10069
69,U.S. Drought/Heatwave (2012),Drought,1/1/2012,12/31/2012,33304.2,123,"The 2012 drought is the most extensive drought to affect the U.S. since the 1930s. Moderate to extreme drought conditions affected more than half the country for a majority of 2012. The following states were affected: CA, NV, ID, MT, WY, UT, CO, AZ, NM, TX, ND, SD, NE, KS, OK, AR, MO, IA, MN, IL, IN, GA. Costly drought impacts occurred across the central agriculture states resulting in widespread harvest failure for corn, sorghum and soybean crops, among others. The associated summer heatwave also caused 123 direct deaths, but an estimate of the excess mortality due to heat stress is still unknown.",10070
70,Western Wildfires (Summer-Fall 2012),Wildfire,6/1/2012,11/30/2012,1929.7,8,"Wildfires burned over 9.2 million acres across the U.S. in 2012. This is the 3rd highest annual total since the year 2000. The most damaging wildfires occurred in the western states (CO, ID, WY, MT, CA, NV, OR, WA). Colorado experienced the most costly wildfires (e.g., Waldo Canyon fire) where several hundred residences were destroyed.",10071
71,Hurricane Sandy (October 2012),Tropical Cyclone,10/30/2012,10/31/2012,72193.8,159,"Extensive damage across several northeastern states (MD, DE, NJ, NY, CT, MA, RI) due to high wind and coastal storm surge, particularly NY and NJ. Damage from wind, rain and heavy snow also extended more broadly to other states (NC, VA, WV, OH, PA, NH), as Sandy merged with a developing Nor'easter. Sandy's impact on major population centers caused widespread interruption to critical water / electrical services and also caused 159 deaths (72 direct, 87 indirect). Sandy also caused the New York Stock Exchange to close for two consecutive business days, which last happened in 1888 due to a major winter storm.",10072
72,Hurricane Isaac (August 2012),Tropical Cyclone,8/26/2012,8/31/2012,3067.6,9,"Category 1 hurricane made landfall over Louisiana. Isaac's slow motion and large size led to a large storm surge and flooding rains. This created damage across several southeastern states (LA, MS, AL, FL) including 9 deaths (5 direct, 4 indirect).",10073
73,Plains/East/Northeast Severe Weather (June-July 2012),Severe Storm,6/29/2012,7/2/2012,3206.2,28,"Sustained outbreak of thunderstorms / high winds from a strong derecho event over the central, eastern, and northeastern states (IL, IN, KY, OH, WV, SC, NC, VA, MD, DC, NJ).",10074
74,Rockies/Southwest Severe Weather (June 2012),Severe Storm,6/6/2012,6/12/2012,2883.5,0,"Severe storms and damaging hail over several states (CO, NM, TX) with 25 confirmed tornadoes. Colorado experienced over 1.0 (1.1) billion in damage due to hail.",10075
75,Southern Plains/Midwest/Northeast Severe Weather (May 2012),Severe Storm,5/25/2012,5/30/2012,2557.0,1,"Severe storms over the southern plains, midwest and northeast (TX, OK, KS, MN, PA, NY) with 27 confirmed tornadoes. Significant damage also from severe hail and straight-line winds.",10076
76,Midwest/Ohio Valley Severe Weather (April-May 2012),Severe Storm,4/28/2012,5/1/2012,3636.6,1,"Severe weather over the midwest and Ohio Valley (TX, OK, KS, MO, IL, IN, KY) with 38 confirmed tornadoes. Considerable damage resulting from hail.",10077
77,Midwest Tornadoes (April 2012),Severe Storm,4/13/2012,4/14/2012,1247.2,6,"Outbreak of tornadoes and severe weather over the midwest (OK, KS, NE, IA) with 98 confirmed tornadoes including many tornadoes that remained on the ground for an extended time - traveling tens of miles.",10078
78,Texas Tornadoes (April 2012),Severe Storm,4/2/2012,4/3/2012,1126.9,0,Outbreak of tornadoes across the greater Dallas-Ft. Worth metropolitan area. Several moderate strength tornadoes (EF-2 and EF-3) affected towns in this area with a total of 22 confirmed tornadoes.,10079
79,Southeast/Ohio Valley Tornadoes (March 2012),Severe Storm,3/2/2012,3/3/2012,3473.0,42,"Outbreak of tornadoes and severe weather over the southeast and Ohio Valley (AL, GA, IN, OH, KY, TN) with 75 confirmed tornadoes.",10080
80,"Texas, New Mexico, Arizona Wildfires (Summer-Fall 2011)",Wildfire,6/1/2011,11/30/2011,2075.7,5,"Continued drought conditions and periods of extreme heat provided conditions favorable for a series of historic wildfires across Texas, New Mexico and Arizona. The Bastrop Fire in Texas was the most destructive fire in Texas history destroying over 1,500 homes. The Wallow Fire consumed over 500,000 acres in Arizona making it the largest on record in Arizona. The Las Conchas Fire in New Mexico was also the state's largest wildfire on record scorching over 150,000 acres while threatening the Los Alamos National Laboratory. Over 3 million acres have burned across Texas this wildfire season.",10081
81,Tropical Storm Lee (September 2011),Tropical Cyclone,9/1/2011,9/5/2011,2864.3,21,"Wind and flood damage across the southeast (LA, MS, AL, GA, TN) but considerably more damage from record flooding across the northeast (PA, NY, NJ, CT, VA, MD). Pennsylvania and New York were most affected.",10082
82,Southern Plains/Southwest Drought & Heat Wave (Spring-Summer 2011),Drought,3/1/2011,8/31/2011,13684.3,95,"Drought and heat wave conditions created major impacts across Texas, Oklahoma, New Mexico, Arizona, southern Kansas, and western Louisiana. In Texas and Oklahoma, a majority of range and pastures were classified in ""very poor"" condition for much of the 2011 crop growing season.",10083
83,Hurricane Irene (August 2011),Tropical Cyclone,8/26/2011,8/28/2011,15383.3,45,"Category 1 hurricane made landfall over coastal NC and moved northward along the Mid-Atlantic Coast (NC, VA, MD, NJ, NY, CT, RI, MA, VT) causing torrential rainfall and flooding across the Northeast. Wind damage in coastal NC, VA, and MD was moderate with considerable damage resulting from falling trees and power lines, while flooding caused extensive flood damage across NJ, NY, and VT. Over seven million homes and businesses lost power during the storm. Numerous tornadoes were also reported in several states further adding to the damage.",10084
84,Midwest/Southeast Severe Weather (August 2011),Severe Storm,8/17/2011,8/18/2011,1312.7,0,"Severe weather impacts the states IA, KS, MO, NE, SD across the Midwest and Southeast.",10085
85,Rockies and Midwest Severe Weather (July 2011),Severe Storm,7/10/2011,7/14/2011,1396.6,2,"An outbreak of tornadoes, hail, and high wind caused damage east of the Rockies and across the central plains (CO, WY, IA, IL, MI, MN, OH).",10086
86,Missouri River flooding (May-June 2011),Flooding,5/1/2011,6/30/2011,2282.5,5,"Melting of an above-average snow pack across the Northern Rocky Mountains combined with above-average precipitation caused the Missouri and Souris Rivers to swell beyond their banks across the Upper Midwest (MT, ND, SD, NE, IA, KS, MO). An estimated 11,000 people were forced to evacuate Minot, North Dakota due to the record high water level of the Souris River, where 4,000 homes were flooded. Numerous levees were breached along the Missouri River, flooding thousands of acres of farmland.",10087
87,Midwest/Southeast Tornadoes and Severe Weather (June 2011),Severe Storm,6/18/2011,6/22/2011,1752.6,3,"Outbreak of tornadoes over central states (OK, TX, KS, NE, MO, IA, IL) with an estimated 81 tornadoes. Additional wind and hail damage across the Southeast (TN, GA, NC, SC).",10088
88,Mississippi River flooding (April-May 2011),Flooding,4/1/2011,5/31/2011,3404.2,7,"Persistent rainfall (nearly 300 percent normal precipitation amounts in the Ohio Valley) combined with melting snowpack caused historical flooding along the Mississippi River and its tributaries. Examples of economic damage include: 500 (570.0) million to agriculture in Arkansas; 320 (364.8) million in damage to Memphis, Tennessee; 800 (912.0) million to agriculture in Mississippi; 317 (361.4) million to agriculture and property in Missouri's Birds Point-New Madrid Spillway; 80 (91.2) million for the first 30 days of flood fighting efforts in Louisiana.",10089
89,Midwest/Southeast Tornadoes (May 2011),Severe Storm,5/22/2011,5/27/2011,10370.5,177,"Outbreak of tornadoes over central and southern states (MO, TX, OK, KS, AR, GA, TN, VA, KY, IN, IL, OH, WI, MN, PA) with an estimated 180 tornadoes. Notably, an EF-5 tornado struck Joplin, MO resulting in at least 160 deaths, making it the deadliest single tornado to strike the U.S. since modern tornado record keeping began in 1950.",10090
90,Southeast/Ohio Valley/Midwest Tornadoes (April 2011),Severe Storm,4/25/2011,4/28/2011,11653.3,321,"Outbreak of tornadoes over central and southern states (AL, AR, LA, MS, GA, TN, VA, KY, IL, MO, OH, TX, OK) with an estimated 343 tornadoes. The deadliest tornado of the outbreak, an EF-5, hit northern Alabama, killing 78 people. Several major metropolitan areas were directly impacted by strong tornadoes including Tuscaloosa, Birmingham, and Huntsville in Alabama and Chattanooga, Tennessee, causing the estimated damage costs to soar.",10091
91,Ohio Valley/South Tornadoes (April 2011),Severe Storm,4/19/2011,4/20/2011,1182.8,0,"Dozens of tornadoes and severe storms affect the states AR, IL, IN, KY, MO, OH, TN, TX across the Ohio Valley and South.",10092
92,Midwest/Southeast Tornadoes (April 2011),Severe Storm,4/14/2011,4/16/2011,2347.5,38,"Outbreak of tornadoes over central and southern states (OK, TX, AR, MS, AL, GA, NC, SC, VA, PA) with an estimated 177 tornadoes.",10093
93,Southeast/Midwest Tornadoes (April 2011),Severe Storm,4/8/2011,4/11/2011,2484.4,0,"Outbreak of tornadoes over central and southern states (NC, SC, TN, AL, TX, OK, KS, IA, WI) with an estimated 59 tornadoes.",10094
94,Midwest/Southeast Tornadoes (April 2011),Severe Storm,4/4/2011,4/5/2011,3163.7,9,"Outbreak of tornadoes over central and southern states (KS, MO, IA, IL, WI, KY, GA, TN, NC, SC) with an estimated 46 tornadoes.",10095
95,Groundhog Day Blizzard (February 2011),Winter Storm,2/1/2011,2/3/2011,2045.4,36,"A large winter storm impacted many central, eastern and northeastern states. The city of Chicago was brought to a virtual standstill as between 1 and 2 feet of snow fell over the area.",10096
96,Arizona Severe Weather (October 2010),Severe Storm,10/5/2010,10/6/2010,4408.0,0,"An unusual series of severe thunderstorms across Arizona produced numerous tornadoes and widespread, severe hail damage. Over one-hundred buildings were damaged or destroyed by tornadoes while thousands of automobiles and buildings were damaged by large hail across Phoenix and surrounding cities.",10097
97,Midwest/Northeast Severe Storms and Flooding (July 2010),Severe Storm,7/20/2010,7/23/2010,1100.0,0,"Severe storms and flooding affect the states IA, IL, MD, NY, PA, WI across the Midwest and Northeast.",10098
98,Rockies/Central/East Severe Weather (June 2010),Severe Storm,6/10/2010,6/15/2010,1045.1,2,"Severe storms cause high wind and hail damage across numerous states including CO, NM, KS, OK, IL, IN, GA, SC and NC.",10099
99,"Oklahoma, Kansas, and Texas Tornadoes and Severe Weather (May 2010)",Severe Storm,5/10/2010,5/12/2010,3867.2,3,"An outbreak of tornadoes, hail, and severe thunderstorms occurred across Oklahoma, Kansas, and Texas in mid-May. Oklahoma was hardest hit with > 1.5 (1.7) billion in damages.",10100
100,East/South Flooding and Severe Weather (May 2010),Flooding,4/30/2010,5/2/2010,2628.9,32,"Flooding, hail, tornadoes, and severe thunderstorms occurred across many Southern states (TN, AR, AL, KY, MS, GA) on April 30-May 2. Flooding in the Nashville, TN area alone contributed > 1.0 (1.2) billion in damages. Western and Middle Tennessee were hardest hit with local rainfall amounts of 18-20 inches to the south and west of Greater Nashville.",10101
101,Northeast Flooding (March 2010),Flooding,3/1/2010,3/31/2010,2139.3,11,"Heavy rainfall over portions of the Northeast in late March caused extensive flooding across several states (RI, CT, MA, NJ, NY, PA). The event caused the worst flooding in Rhode Island's history.",10102
102,Southwest/Great Plains Drought (2009),Drought,1/1/2009,12/31/2009,4155.4,0,"Drought conditions occurred during much of the year across parts of the Southwest, Great Plains, and southern Texas causing agricultural losses in numerous states (TX, OK, KS, CA, NM, AZ). The largest agriculture losses occurred in TX and CA.",10103
103,Western Wildfires (Summer-Fall 2009),Wildfire,6/1/2009,11/30/2009,1206.6,10,"Residual and sustained drought conditions across western and south-central states resulted in thousands of wildfires. Most affected states include CA, AZ, NM, TX, OK, and UT. National acreage burned exceeding 5.9 million. Over 200 homes and structures destroyed in the California ""Station"" fire alone.",10104
104,Colorado Hail Storm (July 2009),Severe Storm,7/20/2009,7/20/2009,1190.0,0,"Severe hail impacts Colorado. Jefferson County was most affected with hail at least 8 inches deep. The hail damage from this storm was comparable to the July 11, 1990 Colorado hail storm.",10105
105,"Midwest, South and East Severe Weather (June 2009)",Severe Storm,6/9/2009,6/12/2009,1580.4,0,"Sustained outbreak of thunderstorms and high winds from a strong derecho event over the central, southern, and eastern states (TX, OK, MO, NE, KS, AR, AL, MS, TN, NC, SC, KY, PA).",10106
106,South/Southeast Severe Weather & Tornadoes (April 2009),Severe Storm,4/9/2009,4/10/2009,1701.8,6,"Outbreak of tornadoes, hail and severe thunderstorms over the south and southeastern states (AL, AR, GA, KY, MO, SC, TN) with 85 confirmed tornadoes.",10107
107,Midwest/Southeast Tornadoes (March 2009),Severe Storm,3/25/2009,3/28/2009,1952.3,0,"Outbreak of tornadoes over central and southern states (NE, KS, OK, IA, TX, LA, MS, AL, GA, TN, KY) with 56 tornadoes confirmed.",10108
108,Southeast/Ohio Valley Severe Weather (February 2009),Severe Storm,2/10/2009,2/11/2009,2070.8,10,"Complex of severe thunderstorms and high winds across the region (TN, KY, OK, OH, VA, WV, PA).",10109
109,U.S. Drought (2008),Drought,1/1/2008,12/31/2008,8341.8,0,"Severe drought and heat caused agricultural losses across a large portion of the U.S. Record low lake levels also occurred in areas of the southeast. The states impacted include AL, AR, CA, CO, GA, ID, IN, KS, KY, MD, MN, MS, MT, NC, ND, NJ, NM, OH, OK, OR, SC, TN, TX, UT, VA, WA and WI.",10110
110,U.S. Wildfires (Fall 2008),Wildfire,9/1/2008,11/30/2008,1468.6,16,"Drought conditions across numerous western, central and southeastern states (AK, AZ, CA, NM, ID, UT, MT, NV, OR, WA, CO, TX, OK, NC, FL ) resulted in thousands of wildfires; national acreage burned exceeding 5.2 million acres (mainly in the west) and over 1,000 homes and structures destroyed in California fires alone.",10111
111,Hurricane Ike (September 2008),Tropical Cyclone,9/12/2008,9/14/2008,35698.6,112,"Category 2 hurricane makes landfall in Texas, as the largest (in size) Atlantic hurricane on record, causing considerable storm surge in coastal TX and significant wind and flooding damage in TX, LA, AR, TN, IL, IN, KY, MO, OH, MI and PA. Severe gasoline shortages occurred in the southeast U.S. due to damaged oil platforms, storage tanks, pipelines and off-line refineries.",10112
112,Hurricane Gustav (September 2008),Tropical Cyclone,8/31/2008,9/3/2008,7136.4,53,"Category 2 hurricane makes landfall in Louisiana causing significant wind, storm surge, and flooding damage in AL, AR, LA, and MS.",10113
113,Hurricane Dolly (July 2008),Tropical Cyclone,7/23/2008,7/25/2008,1508.1,3,Category 2 hurricane makes landfall in southern Texas causing considerable wind and flooding damage in TX and NM.,10114
114,Midwest Flooding (Summer 2008),Flooding,4/1/2008,6/30/2008,11850.7,24,"Heavy rain and flooding caused significant agricultural loss and property damage in IA, IL, IN, MO, MN, NE, and WI with IA being hardest hit with widespread rainfall totals ranging from 4 to over 16 inches.",10115
115,Midwest/Mid-Atlantic Severe Weather (June 2008),Severe Storm,6/6/2008,6/12/2008,1946.6,18,"An outbreak of tornadoes and thunderstorms over the Midwest/Mid-Atlantic states (IA, IL, IN, KS, NE, MI, MN, MO, OK, WI, MD, VA, WV).",10116
116,Midwest Tornadoes and Severe Weather (May 2008),Severe Storm,5/22/2008,5/27/2008,3605.0,13,"Outbreak of tornadoes over the Midwest/Ohio Valley regions (IL, IN, IA, KS, MN, NE, OK, WY, CO) with 235 tornadoes confirmed.",10117
117,Southern Severe Weather (April 2008),Severe Storm,4/9/2008,4/11/2008,1237.2,2,"Severe storms affect Arkansas, Oklahoma and Texas across the South.",10118
118,Southeast Tornadoes (March 2008),Severe Storm,3/14/2008,3/15/2008,1345.9,5,Tornadoes and severe weather across Georgia and South Carolina. This includes an EF-2 tornado causing damage to numerous buildings in downtown Atlanta.,10119
119,Southeast Tornadoes and Severe Weather (February 2008),Severe Storm,2/5/2008,2/6/2008,1441.8,57,"Series of tornadoes and severe thunderstorms across the Southeast and Midwest states (AL, AR, IN, KY, MS, OH, TN, TX) with 87 tornadoes confirmed.",10120
120,Western/Eastern Drought/Heatwave (Summer-Fall 2007),Drought,6/1/2007,11/30/2007,4422.9,15,"Severe drought with periods of extreme heat over most of the southeast and portions of the Great Plains, Ohio Valley, and Great Lakes area, resulting in major reductions in crop yields, along with very low stream-flows and lake levels. Includes states of ND, SD, NE, KS, OK, TX, MN, WI, IA, MO, AR, LA, MS, AL, GA, NC, SC, FL, TN, VA, WV, KY, IN, IL, OH, MI, PA, NY.",10121
121,Western Wildfires (Summer 2007),Wildfire,6/1/2007,8/31/2007,3426.6,12,"Continued drought conditions and high winds over much of the western U.S. (AK, AZ, CA, ID, UT, MT, NV, OR, WA) resulting in numerous wildfires; with national acreage burned exceeding 8.9 million acres (mainly in the west) and over 3,000 homes and structures destroyed in southern California alone.",10122
122,East/South Severe Weather and Flooding (April 2007),Severe Storm,4/13/2007,4/17/2007,3135.2,9,"Flooding, hail, tornadoes, and severe thunderstorms across numerous states (CT, DE, GA, LA, ME, MD, MA, MS, NH, NJ, NY, NC, PA, RI, SC, TX, VT, VA) in mid-April, including 3 ""killer"" tornadoes.",10123
123,Spring Freeze (April 2007),Freeze,4/4/2007,4/10/2007,2555.4,0,"Widespread severe freeze over much of the east and midwest (AL, AR, GA, IA, IL, IN, KS, KY, MO, MS, NC, NE, OH, OK, SC, TN, VA, WV), causing significant losses in fruit crops, field crops (especially wheat), and the ornamental industry. Temperatures in the teens/20s accompanied by rather high winds nullified typical crop-protection systems.",10124
124,California Freeze (January 2007),Freeze,1/11/2007,1/17/2007,1750.0,1,"Widespread agricultural freeze -- for nearly two weeks in January, overnight temperatures over a good portion of California dipped into the 20s, destroying numerous agricultural crops; with citrus, berry, and vegetable crops most affected.",10125
125,Numerous Wildfires (2006),Wildfire,1/1/2006,12/31/2006,1863.1,28,"Numerous wildfires driven by dry weather and high winds burned over 9.8 million acres, across the western half of the country including Alaska. This is the second highest annual total behind the 10.1 million acres burned in 2015 since record-keeping began in 1960. The most affected states were AK, AZ, CA, CO, FL, ID, MT, NM, NV, OK, OR, TX, WA, WY",10126
126,Central Severe Weather (October 2006),Severe Storm,10/2/2006,10/5/2006,1116.5,1,"Severe storms cause high wind and hail damage across numerous states including OH, IL, IN, MI, MN and WI.",10127
127,Midwest/Plains/Southeast Drought (Spring-Summer 2006),Drought,3/1/2006,8/31/2006,7617.4,0,"Rather severe drought affected crops especially during the spring-summer, centered over the Great Plains region with other areas affected across portions of the south -- including states of ND, SD, NE, KS, OK, TX, MN, IA, MO, AR, LA, MS, AL, GA, FL, MT, WY, CO, NM.",10128
128,Northeast Flooding (June 2006),Flooding,6/25/2006,6/28/2006,1932.4,20,"Severe flooding over portions of the northeast due to several weeks of heavy rainfall, affecting the states of NY, PA, DE, MD, NJ, and VA.",10129
129,Midwest Tornadoes (April 2006),Severe Storm,4/13/2006,4/16/2006,3078.0,27,"Tornadoes and severe weather cause significant damage in the states of IA, IL, IN, and WI. The state of Indiana was most affected with over one billion dollars in damage.",10130
130,"Midwest/Southeast Tornadoes (April 6-8, 2006)",Severe Storm,4/6/2006,4/8/2006,2037.0,10,"Severe weather and numerous tornadoes affecting the states of OK, KS, MO, NE, KY, OH, TN, IN, MS, GA, and AL on April 6-8 with 3 ""killer"" tornadoes in TN.",10131
131,Severe Storms and Tornadoes (March 2006),Severe Storm,3/8/2006,3/13/2006,1698.8,10,"Outbreak of tornadoes over portions of the midwest and south during a week-long period-affecting the states of AL, AR, KY, MS, TN, TX, IN, KS, MO, and OK.",10132
132,Hurricane Wilma (October 2005),Tropical Cyclone,10/24/2005,10/24/2005,25080.0,35,"Category 3 hurricane hits SW Florida resulting in strong damaging winds and major flooding across southeastern Florida. Prior to landfall, Wilma as a Category 5 recorded the lowest pressure (882 mb) ever recorded in the Atlantic basin.",10133
133,Hurricane Rita (September 2005),Tropical Cyclone,9/20/2005,9/24/2005,24420.1,119,"Category 3 hurricane hits Texas-Louisiana border coastal region, creating significant storm surge and wind damage along the coast, and some inland flooding in the FL panhandle, AL, MS, LA, AR, and TX. Prior to landfall, Rita reached the third lowest pressure (897 mb) ever recorded in the Atlantic basin.",10134
134,Midwest Drought (Spring-Summer 2005),Drought,3/1/2005,8/31/2005,1946.7,0,"Rather severe localized drought causes significant crop losses (especially for corn and soybeans) in the states of AR, IL, IN, MO, OH, and WI.",10135
135,Hurricane Katrina (August 2005),Tropical Cyclone,8/25/2005,8/30/2005,165012.0,1833,"Category 3 hurricane initially impacts the U.S. as a Category 1 near Miami, FL, then as a strong Category 3 along the eastern LA-western MS coastlines, resulting in severe storm surge damage (maximum surge probably exceeded 30 feet) along the LA-MS-AL coasts, wind damage, and the failure of parts of the levee system in New Orleans. Inland effects included high winds and some flooding in the states of AL, MS, FL, TN, KY, IN, OH, and GA.",10136
136,Hurricane Dennis (July 2005),Tropical Cyclone,7/9/2005,7/11/2005,3293.4,15,"Category 3 hurricane makes landfall in western Florida panhandle resulting in storm surge and wind damage along the FL and AL coasts, along with scattered wind and flood damage in GA and MS.",10137
137,Southeast Severe Weather (March 2005),Severe Storm,3/24/2005,3/27/2005,1141.8,0,"Severe storms cause widespread hail damage across numerous states including TX, AL, MS, GA, FL, NC and VA.",10138
138,Hurricane Jeanne (September 2004),Tropical Cyclone,9/15/2004,9/29/2004,10195.3,28,"Category 3 hurricane makes landfall in east-central Florida, causing considerable wind, storm surge, and flooding damage in FL, with some flood damage also in the states of GA, SC, NC, VA, MD, DE, NJ, PA, and NY. Puerto Rico also affected.",10139
139,Hurricane Ivan (September 2004),Tropical Cyclone,9/12/2004,9/21/2004,27880.6,57,"Category 3 hurricane makes landfall on Gulf coast of Alabama, with significant wind, storm surge, and flooding damage in coastal AL and FL panhandle, along with wind/flood damage in the states of GA, MS, LA, SC, NC, VA, WV, MD, TN, KY, OH, DE, NJ, PA, and NY.",10140
140,Hurricane Frances (September 2004),Tropical Cyclone,9/3/2004,9/9/2004,13328.0,48,"Category 2 hurricane makes landfall in east-central Florida, causing significant wind, storm surge, and flooding damage in FL, along with considerable flood damage in the states of GA, SC, NC, and NY due to 5-15 inch rains.",10141
141,Hurricane Charley (August 2004),Tropical Cyclone,8/13/2004,8/14/2004,21759.4,35,"Category 4 hurricane makes landfall in southwest Florida, resulting in major wind and some storm surge damage in FL, along with some damage in the states of SC and NC.",10142
142,"Severe Storms, Hail, Tornadoes (May 2004)",Severe Storm,5/21/2004,5/27/2004,1378.9,4,"Severe storms including tornadoes and hail cause damage across the Midwest, South, Southeast and Northeast regions. The states impacted include IA, IL, IN, KY, MI, MO, NC, NE, NY, OK, OH and WI.",10143
143,California Wildfires (Fall 2003),Wildfire,9/1/2003,11/30/2003,5407.6,22,"Dry weather, high winds, and resulting wildfires in Southern California burned over 3,700 homes. Nearly 4.0 million acres burned across numerous western states including Alaska.",10144
144,Western/Central Drought/Heatwave (Spring-Fall 2003),Drought,3/1/2003,11/30/2003,6945.1,35,"2003 drought across western and central portions of the U.S. with losses to agriculture. The states impacted include AZ, CO, IA, ID, IL, KS, MI, MN, MO, MT, ND, NE, NM, OR, SD, WA and WI.",10145
145,Hurricane Isabel (September 2003),Tropical Cyclone,9/18/2003,9/19/2003,7622.8,55,"Category 2 hurricane makes landfall in eastern North Carolina, causing considerable storm surge damage along the coasts of NC, VA, and MD, with wind damage and some flooding due to 4-12 inch rains in NC, VA, MD, DE, WV, NJ, NY, and PA.",10146
146,Severe Weather (July 2003),Severe Storm,7/21/2003,7/23/2003,1401.2,7,"Severe storms impact states across the South, Southeast, Midwest and Northeast regions. The states most impacted include AR, AL, MS, GA, FL, SC, TN, KY, MI, NY, OH, PA and VT.",10147
147,Midwest/Plains Severe Weather (July 2003),Severe Storm,7/4/2003,7/9/2003,1192.6,7,"Severe storms affect the states IA, IL, IN, MI, MN, OH, VA, WV across the Midwest and Plains.",10148
148,Severe Storms/Tornadoes (May 2003),Severe Storm,5/3/2003,5/10/2003,5738.5,51,"Numerous tornadoes over the midwest, Mississippi valley, OH/TN valleys, and portions of the southeast, with a modern record one-week total of approximately 400 tornadoes reported",10149
149,Severe Storms/Hail (April 2003),Severe Storm,4/4/2003,4/7/2003,2788.8,3,"Severe storms and large hail over the southern plains and lower MS valley, with Texas hardest hit, and much of the monetary losses due to hail.",10150
150,Western Fire Season (Fall 2002),Wildfire,9/1/2002,11/30/2002,1878.4,21,"Major wildfires over 11 western states from the Rockies to the west coast due to drought and periodic high winds, with over 7.1 million acres burned.",10151
151,U.S. Drought (Spring-Fall 2002),Drought,3/1/2002,11/30/2002,12775.8,0,"Moderate to extreme drought over large portions of 30 states, including the western states, the Great Plains, and much of the eastern U.S.",10152
152,Hurricane Lili (October 2002),Tropical Cyclone,8/1/2002,8/5/2002,1568.4,2,"Category 1 hurricane makes landfall in Louisiana after causing damage across Saint Lucia, Jamaica, Haiti and Cuba.",10153
153,Severe Storms and Tornadoes (April 2002),Severe Storm,4/27/2002,4/28/2002,2973.5,7,"Numerous tornadoes and widespread hail damage over the Central and Eastern states including NC, GA, VA, TX, AR, MO, MS, TN, IL, IN, KY, PA, MD, NY, OH, WV, and KS.",10154
154,Tropical Storm Allison (June 2001),Tropical Cyclone,6/5/2001,6/17/2001,12271.7,43,"The persistent remnants of Tropical Storm Allison produce rainfall amounts of 30-40 inches in portions of coastal Texas and Louisiana, causing severe flooding especially in the Houston area, then moves slowly northeastward; fatalities and significant damage reported in TX, LA, MS, FL, VA, and PA",10155
155,Midwest/Ohio Valley Hail and Tornadoes (April 2001),Severe Storm,4/6/2001,4/11/2001,4456.6,3,"Storms, tornadoes, and hail in the states of TX, OK, KS, NE, IA, MO, IL, IN, WI, MI, OH, KY, WV, and PA, over a 6-day period.",10156
156,Western/Central/Southeast Drought/Heatwave (Spring-Fall 2000),Drought,3/1/2000,11/30/2000,7445.7,140,"Western/Central/Southeast Drought/Heatwave. The states impacted include AZ, AL, AR, CA, CO, FL, GA, IA, KS, LA, MS, MT, NE, NM, OK, OR, SC, TN, and TX.",10157
157,South Florida Flooding (October 2000),Flooding,10/3/2000,10/4/2000,1341.0,3,Heavy rainfall up to 15 inches affected south Florida surrounding Miami that resulted in severe flooding that damaged thousands of homes and businesses. There was also several hundred million in damage done to agriculture.,10158
158,Western Fire Season (Spring-Summer 2000),Wildfire,3/1/2000,8/31/2000,1601.9,0,"Severe wildfire season in the western states due to drought and frequent winds, with nearly 7 million acres burned.",10159
159,Hurricane Floyd (September 1999),Tropical Cyclone,9/14/1999,9/16/1999,9931.4,77,"Large, category 2 hurricane makes landfall in eastern NC, causing 10-20 inch rains in 2 days, with severe flooding in NC and some flooding in SC, VA, MD, PA, NY, NJ, DE, RI, CT, MA, NH, and VT.",10160
160,Eastern Drought/Heatwave (Summer 1999),Drought,6/1/1999,8/31/1999,3823.4,502,"Very dry summer and high temperatures, mainly in eastern U.S., with extensive agricultural losses. The states impacted include AL, AR, FL, GA, KY, LA, MD, MS, NC, NJ, OH, SC, TN, VA, WV and PA.",10161
161,Oklahoma and Kansas Tornadoes (May 1999),Severe Storm,5/3/1999,5/6/1999,3078.7,55,"Outbreak of F4-F5 tornadoes hit the states of Oklahoma and Kansas, along with Texas and Tennessee, Oklahoma City area hardest hit.",10162
162,Central and Eastern Winter Storm (Mid-January 1999),Winter Storm,1/13/1999,1/16/1999,1349.5,0,"Winter storm affecting the Central and Eastern states including IL, IN, OH, MI, WV, VA, MD, PA, NJ, NY, MA, CT, VT, NH and ME.",10163
163,Central and Eastern Winter Storm (January 1999),Winter Storm,1/1/1999,1/4/1999,1580.2,25,"South, Southeast, Midwest, Northeast affected by damaging winter storm",10164
164,California Freeze (December 1998),Freeze,12/20/1998,12/28/1998,3900.0,0,A severe freeze damaged fruit and vegetable crops in the Central and Southern San Joaquin Valley. Extended intervals of sub 27 F temperatures occurred over an 8-day period.,10165
165,Texas Flooding (October 1998),Flooding,10/16/1998,10/24/1998,1469.7,31,"Severe flooding in southeast Texas from 2 heavy rain events, with 10-20 inch rainfall totals",10166
166,Hurricane Georges (September 1998),Tropical Cyclone,9/20/1998,9/29/1998,9336.0,16,"Category 2 hurricane strikes Puerto Rico, Virgin Islands, Florida Keys, and Gulf coasts of Louisiana, Mississippi, Alabama, and Florida panhandle, 15-30 inch 2-day rain totals in parts of Alabama and Florida",10167
167,Southern Drought/Heat Wave (Summer 1998),Drought,6/1/1998,8/31/1998,5503.9,200,"Severe drought and heat wave from Texas/Oklahoma eastward to the Carolinas. The states impacted include AL, AR, FL, GA, LA, MS, NC, OK, SC, TN, TX, and VA.",10168
168,Hurricane Bonnie (August 1998),Tropical Cyclone,8/27/1998,8/29/1998,1528.8,3,"Category 3 hurricane strikes eastern North Carolina and Virginia, extensive agricultural damage due to winds and flooding, with 10-inch rains in 2 days in some locations.",10169
169,Tropical Storm Frances (September 1998),Tropical Cyclone,8/8/1998,8/13/1998,1092.0,2,Tropical Storm Frances caused extensive flooding in Texas and Louisiana. The rainfall totals from Frances were 10 to 20 inches across eastern Texas into southern Louisiana.,10170
170,"Severe Storms, Tornadoes (June 1998)",Severe Storm,5/30/1998,6/2/1998,1775.9,20,"Severe storms in late May through early June hit the Midwest, North, Northeast, and Southeast",10171
171,Minnesota Severe Storms/Hail (May 1998),Severe Storm,5/15/1998,5/15/1998,2544.8,1,Very damaging severe thunderstorms with large hail over wide areas of Minnesota,10172
172,Western/Eastern Severe Weather and Flooding (Winter-Spring 1998),Severe Storm,12/1/1997,2/28/1998,1587.0,132,"Tornadoes and flooding cause damage across the West and Southeast. The states impacted include CA, TX, FL, AL, GA, LA, MS, NC and SC.",10173
173,Northeast Ice Storm (January 1998),Winter Storm,1/5/1998,1/9/1998,2186.7,16,"Intense ice storm hits Maine, New Hampshire, Vermont, and New York, with extensive forestry losses",10174
174,Northern Plains Flooding (Spring 1997),Flooding,2/3/1997,5/24/1997,5809.0,11,"Severe flooding in North Dakota, South Dakota and Minnesota due to heavy spring snow melt. This flooding caused widespread damage to agriculture, infrastructure, homes and businesses.",10175
175,Mississippi and Ohio Valley Severe Weather and Flooding (March 1997),Severe Storm,2/28/1997,3/5/1997,1544.5,67,"Tornadoes and severe flooding hit the states of AR, MO, MS, TN, IL, IN, KY, OH, and WV, with over 10 inches of rain in 24 hours in Louisville.",10176
176,West Coast Flooding (December 1996-January 1997),Flooding,1/1/1997,1/11/1997,4766.9,36,"Torrential rains (10-40 inches in 2 weeks) and snowmelt produce severe flooding over portions of CA, WA, OR, ID, NV, and MT.",10177
177,Hurricane Fran (September 1996),Tropical Cyclone,9/5/1996,9/8/1996,8161.5,37,"Category 3 hurricane strikes North Carolina and Virginia, over 10-inch 24-hour rains in some locations and extensive agricultural and other losses.",10178
178,Southern Plains Drought (Spring-Summer 1996),Drought,3/1/1996,8/31/1996,2920.1,0,Severe drought in agricultural regions of southern plains--Texas and Oklahoma most severely affected,10179
179,Pacific Northwest Severe Flooding (February 1996),Flooding,2/7/1996,2/12/1996,1643.5,9,"Very heavy, persistent rains (10-30 inches) and melting snow over OR, WA, ID, and western MT.",10180
180,Blizzard/Floods (January 1996),Winter Storm,1/1/1996,1/31/1996,4895.1,187,"Very heavy snowstorm (1-4 feet) over Appalachians, Mid-Atlantic, and Northeast; followed by severe flooding in parts of same area due to rain and snowmelt.",10181
181,Hurricane Opal (October 1995),Tropical Cyclone,10/4/1995,10/6/1995,7877.5,27,"Category 3 hurricane strikes Florida panhandle, Alabama, western Georgia, eastern Tennessee, and the western Carolinas, causing storm surge, wind, and flooding damage.",10182
182,Hurricane Marilyn (September 1995),Tropical Cyclone,9/15/1995,9/17/1995,3528.0,13,Category 2 hurricane impacts the U.S. Virgin Islands and Puerto Rico with maximum sustained winds of 110 mph.,10183
183,Hurricane Erin (August 1995),Tropical Cyclone,8/1/1995,8/7/1995,1428.0,6,"Hurricane Erin impacted Florida as a category 1 hurricane. Most of the damage resulted from heavy rainfall and flooding in Florida, Alabama and Mississippi.",10184
184,South Plains Severe Weather (May 1995),Severe Storm,5/5/1995,5/7/1995,9217.2,32,"Torrential rains, hail, and tornadoes across Texas-Oklahoma and southeast Louisiana-southern Mississippi, with Dallas and New Orleans areas (10-25 inch rains in 5 days) hardest hit.",10185
185,California Flooding (January-March 1995),Flooding,1/1/1995,3/31/1995,4200.0,27,Frequent winter storms cause 20-70 inch rainfall and periodic flooding across much of California,10186
186,Western Fire Season (Summer-Fall 1994),Wildfire,6/1/1994,11/30/1994,1247.0,0,"Severe wildfire season in the western states due to dry weather conditions. The states most impacted include CA, AZ, OR, WA, CO, UT, NV, NM and TX.",10187
187,Texas Flooding (October 1994),Flooding,10/16/1994,10/25/1994,1720.0,19,Torrential rain (10-25 inches in 5 days) and thunderstorms cause flooding across much of southeast Texas,10188
188,Tropical Storm Alberto (July 1994),Tropical Cyclone,7/7/1994,7/10/1994,1717.4,32,"Remnants of slow-moving Alberto bring torrential 10-25 inch rains in 3 days, widespread flooding and agricultural damage in parts of Georgia, Alabama, and panhandle of Florida.",10189
189,Midwest/Plains Tornadoes (April 1994),Severe Storm,4/25/1994,4/27/1994,1694.6,3,"Tornadoes and severe storms cause damage in states across the South, Southeast and Midwest. The states impacted include TX, OK, AR, CO, KS, NE, IA, SD, IL, IN, MN and MO.",10190
190,Southeast Ice Storm (February 1994),Winter Storm,2/8/1994,2/13/1994,5155.5,9,"Intense ice storm with extensive damage in portions of TX, OK, AR, LA, MS, AL, TN, GA, SC, NC, and VA.",10191
191,"Winter Storm, Cold Wave (January 1994)",Winter Storm,1/17/1994,1/20/1994,1788.7,70,"Winter storm affects the Southeast and Northeast regions. The states impacted include CT, DE, IL, IN, KY, MA, MD, ME, NC, NH, NJ, NY, OH, PA, RI, SC, TN, VA, VT and WV.",10192
192,California Wildfires (Fall 1993),Wildfire,9/1/1993,11/30/1993,2427.6,4,"Dry weather, high winds and wildfires in Southern California",10193
193,Southeast Drought/Heat Wave (Summer 1993),Drought,6/1/1993,8/31/1993,2226.6,16,"Drought and heat wave across Southeastern U.S. The states most impacted include AL, FL, GA, MD, NC, SC, TN, and VA.",10194
194,Midwest Flooding (Summer 1993),Flooding,6/27/1993,8/15/1993,37100.8,48,"Severe, widespread flooding in central U.S. due to persistent heavy rains and thunderstorms. There was extensive damage to agriculture, infrastructure, homes and businesses in many areas across several states. Many river stations also established new records for historical flood heights. This is the most costly non-tropical, inland flood event to affect the United States on record.",10195
195,East Coast Blizzard and Severe Weather (March 1993),Winter Storm,3/11/1993,3/14/1993,9782.7,270,"The ""Storm of the Century"" impacts the entire Eastern seaboard from Florida to Maine. This historic storm dumped 2-4 feet of snow and caused hurricane force winds across many Eastern and Northeastern states. This caused power outages to over 10 million households. Additional impacts included numerous tornadoes across Florida causing substantial damage. This is the most destructive and costly winter storm to affect the United States since at least 1980.",10196
196,Northeast Winter Storm (December 1992),Winter Storm,12/10/1992,12/13/1992,4544.0,19,"Slow-moving winter storm batters northeast U.S. coast, with the New England region hardest hit. The states impacted include VA, MD, DE, PA, NJ, NY, CT, RI, MA and WV.",10197
197,Southeast Severe Weather (November 1992),Severe Storm,11/21/1992,11/23/1992,1202.3,26,"Three-day tornado outbreak strikes many Central and Eastern states including TX, LA, AL, MS, GA, AR, IN, OH, KY, TN, and NC. Major damage was reported across many areas, as more than 100 tornadoes were reported. This event remains one of the most prolific Fall season tornado outbreaks on record.",10198
198,Hurricane Iniki (September 1992),Tropical Cyclone,9/11/1992,9/12/1992,5673.0,7,Category 4 hurricane causes severe damage to the Hawaiian island of Kauai. Hurricane Iniki is the costliest and deadliest hurricane to affect Hawaii since 1900.,10199
199,Hurricane Andrew (August 1992),Tropical Cyclone,8/23/1992,8/27/1992,49410.0,61,"Category 5 hurricane hits Florida and later impacts Louisiana as a category 3. High winds damage or destroy over 125,000 homes and leave at least 160,000 people homeless in Dade County, Florida alone. Initially rated as a category 4, Andrew was later upgraded to a category 5 upon further analysis. Andrew joins Hurricane Camille (1969) and the Labor Day Hurricane (1935), as the only land falling category 5 hurricanes on record to affect the U.S. mainland. Adjusted to present-day dollars, Andrew is the 6th most costly hurricane to impact the U.S. since 1980, after Katrina (2005), Harvey (2017), Maria (2017), Sandy (2012) and Irma (2017).",10200
200,"Severe Storms, Hail (June 1992)",Severe Storm,6/19/1992,6/20/1992,1368.9,0,Severe storms with hail hit Kansas and Oklahoma,10201
201,"Hail, Tornadoes (April 1992)",Severe Storm,4/28/1992,4/29/1992,1746.6,0,Severe Storms hit Oklahoma and Texas with tornadoes and hail,10202
202,Severe Storms (March 1992),Severe Storm,3/24/1992,3/25/1992,1471.9,0,"Severe storms affect the South, Southeast. The states most impacted include Texas, Louisiana and Florida.",10203
203,Oakland Firestorm (October 1991),Wildfire,10/1/1991,10/31/1991,6171.0,25,"Oakland, California firestorm due to low humidity and high winds burned over 3,000 homes. This is the costliest urban wildfire to affect the United States since 1980.",10204
204,U.S. Drought (Spring-Summer 1991),Drought,3/1/1991,8/31/1991,5625.9,0,"Drought conditions over parts of the West, Central and eastern U.S. most affected the states IL, IN, KS, MN, OH, OR, PA, SD, and WA.",10205
205,Hurricane Bob (August 1991),Tropical Cyclone,8/18/1991,8/20/1991,2810.4,18,Category 2 hurricane brushes the Outer Banks of North Carolina before making landfall in Rhode Island. Its impacts were felt from North Carolina to Long Island and into New England.,10206
206,"Severe Storms, Tornadoes (March 1991)",Severe Storm,3/26/1991,3/29/1991,1206.0,0,"Severe storms hit the Midwest, Southeast, Northeast. The states impacted include KS, IL, MI, IN, MS, TN, KY, OH, AL, PA, NY, GA, SC and NC.",10207
207,California Freeze (December 1990),Freeze,12/18/1990,12/25/1990,6732.0,0,"Severe freeze in the Central and Southern San Joaquin Valley caused the loss of citrus, avocado trees, and other crops in many areas. Several days of subfreezing temperatures occurred, with some valley locations in the teens.",10208
208,Colorado Hail Storm (July 1990),Severe Storm,7/11/1990,7/11/1990,1623.7,0,"Denver, CO (including airport) hit by severe hail storm. This was the costliest hail storm on record for Colorado when it occurred.",10209
209,Southern Flooding (May 1990),Flooding,5/11/1990,5/19/1990,1993.6,13,"Torrential rains cause flooding along the Trinity, Red, and Arkansas Rivers in TX, OK, LA, and AR",10210
210,"Winter Storm, Cold Wave (December 1989)",Winter Storm,12/21/1989,12/26/1989,1414.1,100,"Winter storm and deep cold impacts the Northeast, South and Southeast. The states impacted include AL, AR, CT, FL, GA, IL, IN, KY, LA, ME, MO, MS, NC, NH, NY, OH, OK, PA, SC, TN, TX, VA, VT and WV.",10211
211,Florida Freeze (December 1989),Freeze,12/23/1989,12/25/1989,4160.0,10,Severe freeze damages citrus crops across central/northern Florida.,10212
212,Northern Plains Drought (Summer-Fall 1989),Drought,6/1/1989,11/30/1989,6246.5,0,"Severe summer drought over much of the northern plains with significant losses to agriculture. The states impacted include CO, IA, IL, KS, MO, ND, NE, NV, SD, TX and UT.",10213
213,Hurricane Hugo (September 1989),Tropical Cyclone,9/21/1989,9/22/1989,18719.8,86,Category 4 hurricane devastates South and North Carolina with ~20 foot storm surge and severe wind damage after hitting Puerto Rico and the U.S. Virgin Islands,10214
214,Severe Storms (May 1989),Severe Storm,5/1/1989,5/6/1989,1147.0,21,"Severe storms cause damage in states across the South and Southeast. The states impacted include OK, TX, LA, MS, GA, SC, NC and VA.",10215
215,U.S. Drought/Heatwave (Summer 1988),Drought,6/1/1988,8/31/1988,43608.7,454,"1988 drought across a large portion of the U.S. with very severe losses to agriculture and related industries. Combined direct and indirect deaths (i.e., excess mortality) due to heat stress estimated at 5,000.",10216
216,Southeast Drought/Heatwave (Summer 1986),Drought,6/1/1986,8/31/1986,4148.3,100,"Severe summer drought in parts of the southeastern U.S. with severe losses to agriculture. The states impacted include AL, AR, GA, LA, MS, NC, SC, TN and VA.",10217
217,Western Severe Storms and Flooding (February 1986),Severe Storm,2/14/1986,2/16/1986,1218.4,13,"Severe storms and flooding affect the states CA, CO, NV, OR, WY across the West.",10218
218,Hurricane Juan (October 1985),Tropical Cyclone,10/27/1985,10/31/1985,3577.1,63,"Category 1 hurricane makes landfall near Morgan City, Louisiana. Hurricane Juan's slow movement causes severe flooding in Louisiana, Mississippi, Alabama and Florida. Southern Louisiana was most severely affected due to widespread rainfall of 10-15 inches that caused substantial flooding.",10219
219,Hurricane Gloria (September 1985),Tropical Cyclone,9/26/1985,9/28/1985,2046.2,11,"Category 2 hurricane makes several landfalls along the eastern seaboard, affecting states from North Carolina to Maine.",10220
220,Hurricane Elena (September 1985),Tropical Cyclone,8/30/1985,9/3/1985,3100.8,4,"Category 3 hurricane approaches the Florida Panhandle prior to landfall near Biloxi, Mississippi. Considerable wind and rain impacts were felt from Florida to Louisiana.",10221
221,Florida Freeze (January 1985),Freeze,1/20/1985,1/22/1985,2868.0,0,Severe freeze over central/northern Florida damages citrus crops.,10222
222,"Winter Storm, Cold Wave (January 1985)",Winter Storm,1/19/1985,1/22/1985,2000.5,150,"Extreme cold and winter storms in the Southeast, South, Southwest, Northeast, Midwest, and North",10223
223,Severe Storms and Hail (June 1984),Severe Storm,6/13/1984,6/17/1984,1102.1,1,"Severe storms and hail impact Colorado, South Dakota and Nebraska.",10224
224,"Tornadoes, Severe Storms, Floods (Spring 1984)",Severe Storm,3/27/1984,4/7/1984,1489.6,80,"States in the Southeast and Northeast regions are impacted by tornadoes, severe storms, and flooding. The states impacted include GA, FL, SC, NC, VA, MD, DE, NJ, NY, PA, CT, MA and RI.",10225
225,"Freeze, Cold Wave (December 1983)",Freeze,12/15/1983,12/25/1983,5175.0,151,Severe freeze damages citrus crops across central/northern Florida. Associated cold wave over much of the U.S. causes over 100 deaths and additional damages.,10226
226,Southeast Drought (Summer 1983),Drought,6/1/1983,8/31/1983,7647.4,0,"1983 flash drought in the southeastern U.S. with losses to agriculture, most notably corn and soybeans. The states impacted include AL, AR, GA, KY, LA, MO, MS, NC, SC, TN and VA.",10227
227,Hurricane Alicia (August 1983),Tropical Cyclone,8/17/1983,8/20/1983,7740.0,21,"Category 3 hurricane makes landfall near Galveston, Texas with maximum sustained winds 115 mph. Hurricane Alicia was the first hurricane to hit the United States mainland since Hurricane Allen in August 1980.",10228
228,Western Storms & Flooding (December 1982-March 1983),Flooding,12/13/1982,3/31/1983,4004.0,50,"Severe storms and flooding, especially in the states of WA, OR, CA, AZ, NV, ID, UT, and MT",10229
229,Gulf States Storms and Flooding (December 1982-January 1983),Flooding,12/1/1982,1/15/1983,4101.3,45,"Severe storms and flooding, especially in the states of TX, AR, LA, MS, AL, GA, and FL",10230
230,Severe storms (June 1982),Severe Storm,5/31/1982,6/10/1982,1281.7,30,"Severe storms cause damage across the South, Southeast and Central regions. The states impacted include AR, IL, KY, IN, SC, GA and OH.",10231
231,Midwest/Plains/Southeast Tornadoes (April 1982),Severe Storm,4/2/1982,4/4/1982,1290.3,33,"Tornadoes and severe weather affect the states (AL, AR, CO, IA, IL, IN, KS, KY, LA, MI, MN, MO, MS, NE, OH, OK, PA, TN, TX, WI, WV) across the Midwest, Plains and Southeast.",10232
232,"Midwest/Southeast/Northeast Winter Storm, Cold Wave (January 1982)",Winter Storm,1/8/1982,1/16/1982,1767.6,85,"Winter storm and coldwave affect numerous states (AL, AR, CT, DE, FL, GA, IA, IL, IN, KS, KY, LA, MA, MD, ME, MI, MN, MO, MS, NC, ND, NH, NJ, NY, OH, OK, PA, RI, SC, TN, TX, VA, VT, WI, WV) across the Midwest, Southeast and Northeast.",10233
233,"Severe Storms, Flash Floods, Hail, Tornadoes (May 1981)",Severe Storm,5/5/1981,5/10/1981,1164.2,20,"Severe storms cause damage across the Midwest and South. The states most impacted include TX, OK, KS, AL and LA.",10234
234,Florida Freeze (January 1981),Freeze,1/12/1981,1/14/1981,1658.8,0,"Severe freeze heavily damaged fruit crops across Florida. Over 25,000 Florida farms were impacted and sustained losses.",10235
235,Central/Eastern Drought/Heatwave (Summer-Fall 1980),Drought,6/1/1980,11/30/1980,32464.8,1260,"Central and eastern U.S. drought/heat wave caused damage to agriculture and other related industries. Combined direct and indirect deaths (i.e., excess mortality) due to heat stress estimated at 10,000.",10236
236,Hurricane Allen (August 1980),Tropical Cyclone,8/7/1980,8/11/1980,1911.6,13,"Category 3 hurricane makes landfall north of Brownsville, Texas with maximum sustained winds of 115 mph. Hurricane Allen causes rainfall up to 20 inches in southern Texas and storm surge as high as 12 feet along the coast.",10237
237,Southern Severe Storms and Flooding (April 1980),Flooding,4/10/1980,4/17/1980,2289.9,7,"Severe storms and flooding affect several states (AR, LA, MS) across the South.",10238
